time_iso8601,clones_total,clones_unique,views_total,views_unique
2024-06-11 00:00:00+00:00,0,0,1,1
2024-06-12 00:00:00+00:00,0,0,3,3
2024-06-14 00:00:00+00:00,1,1,47,1
2024-06-19 00:00:00+00:00,0,0,4,1
2024-06-20 00:00:00+00:00,11,9,0,0
2024-06-23 00:00:00+00:00,1,1,0,0
2024-06-29 00:00:00+00:00,2,1,14,1
2024-07-01 00:00:00+00:00,2,2,4,2
2024-07-02 00:00:00+00:00,1,1,43,2
2024-07-03 00:00:00+00:00,1,1,0,0
2024-07-04 00:00:00+00:00,2,1,0,0
2024-07-08 00:00:00+00:00,0,0,1,1
2024-07-10 00:00:00+00:00,2,1,5,2
2024-07-12 00:00:00+00:00,5,2,0,0
2024-07-13 00:00:00+00:00,0,0,6,1
2024-07-15 00:00:00+00:00,4,2,0,0
2024-07-16 00:00:00+00:00,1,1,0,0
2024-07-17 00:00:00+00:00,2,1,1,1
2024-07-19 00:00:00+00:00,1,1,2,1
2024-07-20 00:00:00+00:00,3,2,0,0
2024-07-21 00:00:00+00:00,3,2,0,0
2024-07-22 00:00:00+00:00,2,1,0,0
2024-07-24 00:00:00+00:00,1,1,3,1
2024-07-25 00:00:00+00:00,3,2,9,2
2024-07-26 00:00:00+00:00,2,1,0,0
2024-07-27 00:00:00+00:00,1,1,1,1
2024-07-28 00:00:00+00:00,2,1,0,0
2024-07-30 00:00:00+00:00,0,0,2,1
2024-08-01 00:00:00+00:00,3,1,0,0
2024-08-02 00:00:00+00:00,1,1,0,0
2024-08-04 00:00:00+00:00,2,1,0,0
2024-08-05 00:00:00+00:00,3,2,0,0
2024-08-10 00:00:00+00:00,1,1,0,0
2024-08-13 00:00:00+00:00,1,1,0,0
2024-08-15 00:00:00+00:00,1,1,0,0
2024-08-16 00:00:00+00:00,2,2,1,1
2024-08-17 00:00:00+00:00,1,1,0,0
2024-08-18 00:00:00+00:00,1,1,0,0
2024-08-19 00:00:00+00:00,0,0,31,1
2024-08-20 00:00:00+00:00,2,1,1,1
2024-08-21 00:00:00+00:00,0,0,1,1
2024-08-22 00:00:00+00:00,1,1,2,2
2024-08-23 00:00:00+00:00,1,1,0,0
2024-08-27 00:00:00+00:00,2,2,0,0
2024-08-28 00:00:00+00:00,1,1,1,1
2024-08-29 00:00:00+00:00,3,2,1,1
2024-08-30 00:00:00+00:00,1,1,0,0
2024-08-31 00:00:00+00:00,2,2,0,0
2024-09-02 00:00:00+00:00,2,2,1,1
2024-09-03 00:00:00+00:00,2,1,0,0
2024-09-05 00:00:00+00:00,0,0,13,1
2024-09-06 00:00:00+00:00,0,0,1,1
2024-09-08 00:00:00+00:00,1,1,0,0
2024-09-11 00:00:00+00:00,1,1,0,0
2024-09-12 00:00:00+00:00,1,1,1,1
2024-09-16 00:00:00+00:00,1,1,0,0
2024-09-17 00:00:00+00:00,0,0,3,3
2024-09-18 00:00:00+00:00,3,2,88,1
2024-09-19 00:00:00+00:00,1,1,0,0
2024-09-20 00:00:00+00:00,1,1,0,0
2024-09-21 00:00:00+00:00,1,1,0,0
2024-09-23 00:00:00+00:00,0,0,67,1
2024-09-24 00:00:00+00:00,1,1,47,1
2024-09-30 00:00:00+00:00,2,1,0,0
2024-10-02 00:00:00+00:00,4,2,1,1
2024-10-03 00:00:00+00:00,2,1,0,0
2024-10-04 00:00:00+00:00,2,1,6,1
2024-10-06 00:00:00+00:00,2,1,0,0
2024-10-08 00:00:00+00:00,0,0,10,1
2024-10-11 00:00:00+00:00,0,0,7,1
2024-10-14 00:00:00+00:00,2,2,1,1
2024-10-16 00:00:00+00:00,3,2,4,1
2024-10-17 00:00:00+00:00,0,0,8,1
2024-10-18 00:00:00+00:00,1,1,1,1
2024-10-21 00:00:00+00:00,1,1,0,0
2024-10-22 00:00:00+00:00,3,1,0,0
2024-11-02 00:00:00+00:00,1,1,0,0
2024-11-03 00:00:00+00:00,0,0,1,1
2024-11-07 00:00:00+00:00,3,1,0,0
2024-11-08 00:00:00+00:00,1,1,0,0
2024-11-10 00:00:00+00:00,1,1,0,0
2024-11-14 00:00:00+00:00,0,0,1,1
2024-11-20 00:00:00+00:00,4,3,0,0
2024-11-21 00:00:00+00:00,1,1,3,2
2024-11-22 00:00:00+00:00,2,1,1,1
2024-11-25 00:00:00+00:00,2,1,0,0
2024-11-26 00:00:00+00:00,1,1,0,0
2024-11-27 00:00:00+00:00,3,2,0,0
2024-11-30 00:00:00+00:00,2,1,0,0
2024-12-01 00:00:00+00:00,2,1,0,0
2024-12-02 00:00:00+00:00,0,0,1,1
2024-12-03 00:00:00+00:00,2,2,0,0
2024-12-04 00:00:00+00:00,0,0,2,2
2024-12-05 00:00:00+00:00,2,1,0,0
2024-12-07 00:00:00+00:00,3,2,0,0
2024-12-08 00:00:00+00:00,2,1,0,0
2024-12-09 00:00:00+00:00,0,0,1,1
2024-12-11 00:00:00+00:00,1,1,0,0
2024-12-13 00:00:00+00:00,3,1,0,0
2024-12-14 00:00:00+00:00,2,1,5,4
2024-12-15 00:00:00+00:00,1,1,0,0
2024-12-16 00:00:00+00:00,1,1,0,0
2024-12-17 00:00:00+00:00,8,3,0,0
2024-12-18 00:00:00+00:00,3,2,0,0
2024-12-20 00:00:00+00:00,1,1,0,0
2024-12-23 00:00:00+00:00,1,1,0,0
2024-12-24 00:00:00+00:00,0,0,1,1
2024-12-25 00:00:00+00:00,2,1,0,0
2024-12-26 00:00:00+00:00,2,2,0,0
2024-12-28 00:00:00+00:00,2,2,0,0
2024-12-30 00:00:00+00:00,1,1,7,1
2024-12-31 00:00:00+00:00,1,1,0,0
2025-01-04 00:00:00+00:00,1,1,0,0
2025-01-07 00:00:00+00:00,1,1,0,0
2025-01-09 00:00:00+00:00,2,2,0,0
2025-01-11 00:00:00+00:00,2,1,0,0
2025-01-13 00:00:00+00:00,0,0,7,1
2025-01-14 00:00:00+00:00,1,1,0,0
2025-01-15 00:00:00+00:00,1,1,0,0
2025-01-16 00:00:00+00:00,1,1,0,0
2025-01-17 00:00:00+00:00,2,1,0,0
2025-01-18 00:00:00+00:00,1,1,0,0
2025-01-20 00:00:00+00:00,2,1,0,0
2025-01-21 00:00:00+00:00,2,1,0,0
2025-01-22 00:00:00+00:00,2,1,0,0
2025-01-23 00:00:00+00:00,1,1,0,0
2025-01-24 00:00:00+00:00,2,1,4,1
2025-01-25 00:00:00+00:00,2,1,1,1
2025-01-26 00:00:00+00:00,2,1,0,0
2025-01-30 00:00:00+00:00,3,2,7,1
2025-01-31 00:00:00+00:00,1,1,0,0
2025-02-01 00:00:00+00:00,1,1,0,0
2025-02-02 00:00:00+00:00,3,2,0,0
2025-02-03 00:00:00+00:00,4,2,1,1
2025-02-04 00:00:00+00:00,1,1,0,0
2025-02-05 00:00:00+00:00,5,3,0,0
2025-02-06 00:00:00+00:00,5,2,0,0
2025-02-07 00:00:00+00:00,4,2,0,0
2025-02-08 00:00:00+00:00,3,2,0,0
2025-02-09 00:00:00+00:00,5,2,0,0
2025-02-10 00:00:00+00:00,1,1,0,0
2025-02-11 00:00:00+00:00,5,2,0,0
2025-02-12 00:00:00+00:00,3,2,0,0
2025-02-13 00:00:00+00:00,5,2,0,0
2025-02-14 00:00:00+00:00,1,1,1,1
2025-02-15 00:00:00+00:00,3,2,0,0
2025-02-16 00:00:00+00:00,3,2,0,0
2025-02-17 00:00:00+00:00,6,3,2,1
2025-02-18 00:00:00+00:00,1,1,1,1
2025-02-19 00:00:00+00:00,3,2,0,0
2025-02-20 00:00:00+00:00,5,2,0,0
2025-02-21 00:00:00+00:00,3,2,0,0
2025-02-22 00:00:00+00:00,3,2,0,0
2025-02-23 00:00:00+00:00,4,2,0,0
2025-02-24 00:00:00+00:00,4,2,0,0
2025-02-25 00:00:00+00:00,4,2,0,0
2025-02-26 00:00:00+00:00,5,2,0,0
2025-02-27 00:00:00+00:00,5,2,0,0
2025-02-28 00:00:00+00:00,5,2,0,0
2025-03-01 00:00:00+00:00,4,2,0,0
2025-03-02 00:00:00+00:00,5,2,0,0
2025-03-03 00:00:00+00:00,5,2,0,0
2025-03-04 00:00:00+00:00,5,3,1,1
2025-03-05 00:00:00+00:00,4,2,0,0
2025-03-06 00:00:00+00:00,6,4,1,1
2025-03-07 00:00:00+00:00,1,1,0,0
2025-03-08 00:00:00+00:00,5,2,0,0
2025-03-09 00:00:00+00:00,1,1,0,0
2025-03-10 00:00:00+00:00,1,1,0,0
2025-03-11 00:00:00+00:00,1,1,0,0
2025-03-12 00:00:00+00:00,5,2,0,0
2025-03-13 00:00:00+00:00,4,2,3,1
2025-03-14 00:00:00+00:00,5,2,0,0
2025-03-15 00:00:00+00:00,4,2,0,0
2025-03-16 00:00:00+00:00,6,3,0,0
2025-03-17 00:00:00+00:00,5,3,0,0
2025-03-18 00:00:00+00:00,5,3,4,3
2025-03-19 00:00:00+00:00,3,2,0,0
2025-03-20 00:00:00+00:00,4,3,1,1
2025-03-21 00:00:00+00:00,5,3,0,0
2025-03-22 00:00:00+00:00,5,2,0,0
2025-03-23 00:00:00+00:00,4,2,0,0
2025-03-24 00:00:00+00:00,4,2,5,2
2025-03-25 00:00:00+00:00,1,1,0,0
2025-03-26 00:00:00+00:00,5,2,2,1
2025-03-27 00:00:00+00:00,5,2,0,0
2025-03-28 00:00:00+00:00,6,3,0,0
2025-03-29 00:00:00+00:00,1,1,0,0
2025-03-30 00:00:00+00:00,1,1,0,0
2025-03-31 00:00:00+00:00,2,2,0,0
2025-04-01 00:00:00+00:00,2,2,0,0
2025-04-02 00:00:00+00:00,1,1,0,0
2025-04-03 00:00:00+00:00,5,2,0,0
2025-04-04 00:00:00+00:00,1,1,0,0
2025-04-05 00:00:00+00:00,1,1,0,0
2025-04-06 00:00:00+00:00,5,2,0,0
2025-04-07 00:00:00+00:00,1,1,0,0
2025-04-08 00:00:00+00:00,5,2,0,0
2025-04-09 00:00:00+00:00,4,2,1,1
2025-04-10 00:00:00+00:00,3,2,0,0
2025-04-11 00:00:00+00:00,1,1,0,0
2025-04-12 00:00:00+00:00,4,2,0,0
2025-04-13 00:00:00+00:00,5,2,0,0
2025-04-14 00:00:00+00:00,1,1,0,0
2025-04-15 00:00:00+00:00,1,1,0,0
2025-04-16 00:00:00+00:00,5,2,0,0
2025-04-17 00:00:00+00:00,5,2,0,0
2025-04-18 00:00:00+00:00,9,4,2,2
2025-04-19 00:00:00+00:00,1,1,0,0
2025-04-20 00:00:00+00:00,5,3,0,0
2025-04-21 00:00:00+00:00,2,2,0,0
2025-04-22 00:00:00+00:00,1,1,2,1
